{
  "0": {
    "x": 657,
    "y": 417,
    "label": "32"
  },
  "1": {
    "x": 597,
    "y": 345,
    "label": "44"
  },
  "2": {
    "x": 711,
    "y": 369,
    "label": "11"
  },
  "3": {
    "x": 531,
    "y": 399,
    "label": "48"
  },
  "4": {
    "x": 501,
    "y": 447,
    "label": "19"
  },
  "5": {
    "x": 639,
    "y": 189,
    "label": "42"
  },
  "6": {
    "x": 597,
    "y": 75,
    "label": "81"
  },
  "7": {
    "x": 711,
    "y": 57,
    "label": "25"
  },
  "8": {
    "x": 597,
    "y": 267,
    "label": "99"
  },
  "9": {
    "x": 405,
    "y": 483,
    "label": "65"
  },
  "10": {
    "x": 597,
    "y": 507,
    "label": "35"
  },
  "11": {
    "x": 633,
    "y": 135,
    "label": "83"
  },
  "12": {
    "x": 711,
    "y": 117,
    "label": "91"
  },
  "13": {
    "x": 465,
    "y": 297,
    "label": "94"
  },
  "14": {
    "x": 483,
    "y": 399,
    "label": "93"
  },
  "15": {
    "x": 567,
    "y": 273,
    "label": "60"
  },
  "16": {
    "x": 711,
    "y": 225,
    "label": "69"
  },
  "17": {
    "x": 573,
    "y": 75,
    "label": "39"
  },
  "18": {
    "x": 507,
    "y": 165,
    "label": "4"
  },
  "19": {
    "x": 567,
    "y": 45,
    "label": "87"
  },
  "20": {
    "x": 513,
    "y": 75,
    "label": "51"
  },
  "21": {
    "x": 405,
    "y": 381,
    "label": "2"
  },
  "22": {
    "x": 411,
    "y": 405,
    "label": "86"
  },
  "23": {
    "x": 375,
    "y": 165,
    "label": "57"
  },
  "24": {
    "x": 435,
    "y": 207,
    "label": "13"
  },
  "25": {
    "x": 495,
    "y": 129,
    "label": "12"
  },
  "26": {
    "x": 525,
    "y": 351,
    "label": "28"
  },
  "27": {
    "x": 405,
    "y": 75,
    "label": "8"
  },
  "28": {
    "x": 225,
    "y": 321,
    "label": "23"
  },
  "29": {
    "x": 543,
    "y": 165,
    "label": "36"
  },
  "30": {
    "x": 663,
    "y": 279,
    "label": "74"
  },
  "31": {
    "x": 489,
    "y": 27,
    "label": "67"
  },
  "32": {
    "x": 237,
    "y": 345,
    "label": "55"
  },
  "33": {
    "x": 301.4781980896032,
    "y": 122.46914660122121,
    "label": "26"
  },
  "34": {
    "x": 279,
    "y": 387,
    "label": "73"
  },
  "35": {
    "x": 207,
    "y": 393,
    "label": "88"
  },
  "36": {
    "x": 165,
    "y": 267,
    "label": "96"
  },
  "37": {
    "x": 315,
    "y": 57,
    "label": "22"
  },
  "38": {
    "x": 225,
    "y": 465,
    "label": "31"
  },
  "39": {
    "x": 351,
    "y": 387,
    "label": "10"
  },
  "40": {
    "x": 507,
    "y": 267,
    "label": "6"
  },
  "41": {
    "x": 435,
    "y": 69,
    "label": "85"
  },
  "42": {
    "x": 435,
    "y": 129,
    "label": "37"
  },
  "43": {
    "x": 195,
    "y": 297,
    "label": "53"
  },
  "44": {
    "x": 477,
    "y": 249,
    "label": "70"
  },
  "45": {
    "x": 147,
    "y": 405,
    "label": "64"
  },
  "46": {
    "x": 345,
    "y": 333,
    "label": "45"
  },
  "47": {
    "x": 243,
    "y": 399,
    "label": "90"
  },
  "48": {
    "x": 357,
    "y": 219,
    "label": "61"
  },
  "49": {
    "x": 57,
    "y": 513,
    "label": "80"
  },
  "50": {
    "x": 351,
    "y": 477,
    "label": "14"
  },
  "51": {
    "x": 315,
    "y": 219,
    "label": "9"
  },
  "52": {
    "x": 297,
    "y": 297,
    "label": "38"
  },
  "53": {
    "x": 333,
    "y": 195,
    "label": "92"
  },
  "54": {
    "x": 303,
    "y": 135,
    "label": "79"
  },
  "55": {
    "x": 477,
    "y": 351,
    "label": "62"
  },
  "56": {
    "x": 417,
    "y": 165,
    "label": "56"
  },
  "57": {
    "x": 411,
    "y": 63,
    "label": "1"
  },
  "58": {
    "x": 345,
    "y": 99,
    "label": "75"
  },
  "59": {
    "x": 225,
    "y": 117,
    "label": "18"
  },
  "60": {
    "x": 393,
    "y": 477,
    "label": "63"
  },
  "61": {
    "x": 159,
    "y": 321,
    "label": "26"
  },
  "62": {
    "x": 87,
    "y": 429,
    "label": "66"
  },
  "63": {
    "x": 327,
    "y": 117,
    "label": "27"
  },
  "64": {
    "x": 273,
    "y": 495,
    "label": "89"
  },
  "65": {
    "x": 387,
    "y": 291,
    "label": "97"
  },
  "66": {
    "x": 105,
    "y": 459,
    "label": "95"
  },
  "67": {
    "x": 279,
    "y": 75,
    "label": "72"
  },
  "68": {
    "x": 237,
    "y": 249,
    "label": "59"
  },
  "69": {
    "x": 177,
    "y": 345,
    "label": "34"
  },
  "70": {
    "x": 237,
    "y": 39,
    "label": "24"
  },
  "71": {
    "x": 105,
    "y": 369,
    "label": "68"
  },
  "72": {
    "x": 105,
    "y": 249,
    "label": "54"
  },
  "73": {
    "x": 135,
    "y": 225,
    "label": "29"
  },
  "74": {
    "x": 27,
    "y": 315,
    "label": "76"
  },
  "75": {
    "x": 57,
    "y": 237,
    "label": "41"
  },
  "76": {
    "x": 555,
    "y": 369,
    "label": "30"
  },
  "77": {
    "x": 357,
    "y": 315,
    "label": "98"
  },
  "78": {
    "x": 273,
    "y": 201,
    "label": "3"
  },
  "79": {
    "x": 441,
    "y": 315,
    "label": "17"
  },
  "80": {
    "x": 351,
    "y": 417,
    "label": "15"
  },
  "81": {
    "x": 165,
    "y": 471,
    "label": "71"
  },
  "82": {
    "x": 99,
    "y": 189,
    "label": "49"
  },
  "83": {
    "x": 27,
    "y": 399,
    "label": "46"
  },
  "84": {
    "x": 87,
    "y": 513,
    "label": "84"
  },
  "85": {
    "x": 99,
    "y": 177,
    "label": "33"
  },
  "86": {
    "x": 615,
    "y": 417,
    "label": "52"
  },
  "87": {
    "x": 69,
    "y": 339,
    "label": "77"
  },
  "88": {
    "x": 1101.1600963528685,
    "y": 170.0185326896491,
    "label": "13"
  },
  "89": {
    "x": 441,
    "y": 375,
    "label": "82"
  },
  "90": {
    "x": 177,
    "y": 195,
    "label": "40"
  },
  "91": {
    "x": 87,
    "y": 423,
    "label": "47"
  },
  "92": {
    "x": 57,
    "y": 165,
    "label": "50"
  },
  "93": {
    "x": 153,
    "y": 285,
    "label": "21"
  },
  "94": {
    "x": 231,
    "y": 207,
    "label": "43"
  },
  "95": {
    "x": 87,
    "y": 297,
    "label": "58"
  },
  "96": {
    "x": 135,
    "y": 219,
    "label": "7"
  },
  "97": {
    "x": 195,
    "y": 435,
    "label": "78"
  },
  "98": {
    "x": 165,
    "y": 477,
    "label": "16"
  }
}